transaction_id,created_date,shipment_id,mode,created_by,location_id,shipment_type,status,validated_by,source_id,product_id,package_id,pallet_id,company_id,invoice_id,invoice_date,due_date,payment_terms,invoice_amount
9018,9/11/2024,14546,Truckload,Sys,8018,Truck,4,Sys,5018,NA,NA,NA,36664,7718,NA,NA,NA,$650.00
9019,9/11/2024,14688,Drayage,Sys,8019,Truck,4,Sys,5019,NA,NA,NA,3907471,7719,NA,NA,NA,"$3,114.57"
9020,9/11/2024,14809,Truckload,Sys,8020,Truck,4,Sys,5020,NA,NA,NA,5420051,7720,NA,NA,NA,"$2,678.00"
9021,9/11/2024,14815,Truckload,Sys,8021,Truck,4,Sys,5021,NA,NA,NA,5420051,7721,NA,NA,NA,"$1,398.31"
9022,9/11/2024,14829,Flatbed,Sys,8022,Truck,4,Sys,5022,NA,NA,NA,5203322,7722,NA,NA,NA,"$8,689.00"
9023,9/11/2024,14845,Truckload,Sys,8023,Truck,4,Sys,5023,NA,NA,NA,5734991,7723,NA,NA,NA,$254.63
9024,9/11/2024,14849,Flatbed,Sys,8024,Truck,4,Sys,5024,NA,NA,NA,5203322,7724,NA,NA,NA,"$9,418.00"
9025,9/11/2024,14876,Truckload,Sys,8025,Truck,4,Sys,5025,NA,NA,NA,6612,7725,NA,NA,NA,"$1,715.00"
9026,9/11/2024,14881,Truckload,Sys,8026,Truck,4,Sys,5026,NA,NA,NA,4657181,7726,NA,NA,NA,$254.63
9027,9/11/2024,14883,Flatbed,Sys,8027,Truck,4,Sys,5027,NA,NA,NA,4092081,7727,NA,NA,NA,"$1,525.00"
9028,9/11/2024,14888,Flatbed,Sys,8028,Truck,4,Sys,5028,NA,NA,NA,438473,7728,NA,NA,NA,"$1,369.00"
9029,9/11/2024,14891,Truckload,Sys,8029,Truck,4,Sys,5029,NA,NA,NA,3592373,7729,NA,NA,NA,$469.00
9030,9/11/2024,15030,Truckload,Sys,8030,Truck,4,Sys,5030,NA,NA,NA,7364782,7730,NA,NA,NA,"$3,200.00"
9031,9/11/2024,15147,Truckload,Sys,8031,Truck,4,Sys,5031,NA,NA,NA,4657181,7731,NA,NA,NA,$254.63
9032,9/11/2024,15216,Flatbed,Sys,8032,Truck,4,Sys,5032,NA,NA,NA,1469603,7732,NA,NA,NA,"$3,889.00"
9033,9/11/2024,15249,Truckload,Sys,8033,Truck,4,Sys,5033,NA,NA,NA,2181873,7733,NA,NA,NA,$396.00
9034,9/11/2024,15250,Truckload,Sys,8034,Truck,4,Sys,5034,NA,NA,NA,6858503,7734,NA,NA,NA,$385.00
9035,9/11/2024,15270,Truckload,Sys,8035,Truck,4,Sys,5035,NA,NA,NA,2059463,7735,NA,NA,NA,$822.00
9036,9/11/2024,15311,Truckload,Sys,8036,Truck,4,Sys,5036,NA,NA,NA,3266483,7736,NA,NA,NA,"$1,095.00"
9037,9/11/2024,15326,Truckload,Sys,8037,Truck,4,Sys,5037,NA,NA,NA,7798422,7737,NA,NA,NA,$595.00
9038,9/11/2024,15328,Truckload,Sys,8038,Truck,4,Sys,5038,NA,NA,NA,993857,7738,NA,NA,NA,"$1,092.00"
9039,9/11/2024,15330,Truckload,Sys,8039,Truck,4,Sys,5039,NA,NA,NA,993857,7739,NA,NA,NA,$992.00
9040,9/11/2024,15195,Drayage,Sys,8040,Truck,4,Sys,5040,NA,NA,NA,774582,7740,NA,NA,NA,"$1,490.00"
9041,9/11/2024,15258,Truckload,Sys,8041,Truck,4,Sys,5041,NA,NA,NA,7665912,7741,NA,NA,NA,"$1,345.00"
9042,9/11/2024,15265,Truckload,Sys,8042,Truck,4,Sys,5042,NA,NA,NA,3679343,7742,NA,NA,NA,$998.00
9043,9/11/2024,15308,Truckload,Sys,8043,Truck,4,Sys,5043,NA,NA,NA,6612,7743,NA,NA,NA,$698.00
9044,9/11/2024,15104,Drayage,Sys,8044,Truck,4,Sys,5044,NA,NA,NA,708132,7744,NA,NA,NA,$769.50
9045,9/11/2024,15255,Truckload,Sys,8045,Truck,4,Sys,5045,NA,NA,NA,5203322,7745,NA,NA,NA,"$9,022.18"
9046,9/11/2024,15263,Truckload,Sys,8046,Truck,4,Sys,5046,NA,NA,NA,1400373,7746,NA,NA,NA,$925.00
9047,9/11/2024,15329,Truckload,Sys,8047,Truck,4,Sys,5047,NA,NA,NA,993857,7747,NA,NA,NA,$992.00
9048,9/11/2024,14599,Drayage,Sys,8048,Truck,4,Sys,5048,NA,NA,NA,3371031,7748,NA,NA,NA,$529.50
9049,9/11/2024,14674,Truckload,Sys,8049,Truck,4,Sys,5049,NA,NA,NA,4657181,7749,NA,NA,NA,$254.63
9050,9/11/2024,14808,Flatbed,Sys,8050,Truck,4,Sys,5050,NA,NA,NA,5210563,7750,NA,NA,NA,"$2,175.00"
9051,9/11/2024,14810,Truckload,Sys,8051,Truck,4,Sys,5051,NA,NA,NA,993857,7751,NA,NA,NA,"$1,332.00"
9052,9/11/2024,14823,Drayage,Sys,8052,Truck,4,Sys,5052,NA,NA,NA,437232,7752,NA,NA,NA,"$1,271.00"
9053,9/11/2024,14824,Drayage,Sys,8053,Truck,4,Sys,5053,NA,NA,NA,437232,7753,NA,NA,NA,"$1,121.00"
9054,9/11/2024,14825,Drayage,Sys,8054,Truck,4,Sys,5054,NA,NA,NA,437232,7754,NA,NA,NA,"$1,286.00"
9055,9/11/2024,14826,Drayage,Sys,8055,Truck,4,Sys,5055,NA,NA,NA,437232,7755,NA,NA,NA,"$1,341.00"
9056,9/11/2024,14833,Truckload,Sys,8056,Truck,4,Sys,5056,NA,NA,NA,7434691,7756,NA,NA,NA,$325.00
9057,9/11/2024,14847,Flatbed,Sys,8057,Truck,4,Sys,5057,NA,NA,NA,7251322,7757,NA,NA,NA,"$3,839.00"
9058,9/11/2024,14854,Truckload,Sys,8058,Truck,4,Sys,5058,NA,NA,NA,7364782,7758,NA,NA,NA,"$3,200.00"
9059,9/11/2024,14899,Truckload,Sys,8059,Truck,4,Sys,5059,NA,NA,NA,3422972,7759,NA,NA,NA,$550.00
9060,9/11/2024,14990,Truckload,Sys,8060,Truck,4,Sys,5060,NA,NA,NA,5203322,7760,NA,NA,NA,"$7,481.00"
9061,9/11/2024,15217,Drayage,Sys,8061,Truck,4,Sys,5061,NA,NA,NA,834412,7761,NA,NA,NA,"$1,200.00"
9062,9/11/2024,15257,Truckload,Sys,8062,Truck,4,Sys,5062,NA,NA,NA,9420523,7762,NA,NA,NA,"$5,125.00"
9063,9/11/2024,15264,Truckload,Sys,8063,Truck,4,Sys,5063,NA,NA,NA,608734,7763,NA,NA,NA,$325.00
9064,9/11/2024,15310,Truckload,Sys,8064,Truck,4,Sys,5064,NA,NA,NA,6612,7764,NA,NA,NA,$835.50
9065,9/11/2024,15314,Truckload,Sys,8065,Truck,4,Sys,5065,NA,NA,NA,561418,7765,NA,NA,NA,$185.00
9066,8/20/2024,14675,Truckload,Sys,8066,Truck,4,Sys,5066,NA,NA,NA,4657181,7766,NA,NA,NA,$254.63
9067,8/20/2024,14877,Truckload,Sys,8067,Truck,4,Sys,5067,NA,NA,NA,5203322,7767,NA,NA,NA,"$8,932.75"
9068,8/20/2024,14878,Truckload,Sys,8068,Truck,4,Sys,5068,NA,NA,NA,5203322,7768,NA,NA,NA,"$8,932.75"
9069,8/20/2024,14885,Truckload,Sys,8069,Truck,4,Sys,5069,NA,NA,NA,5420051,7769,NA,NA,NA,$684.00
9070,8/20/2024,14892,Truckload,Sys,8070,Truck,4,Sys,5070,NA,NA,NA,2080383,7770,NA,NA,NA,$998.00
9071,8/20/2024,14893,Truckload,Sys,8071,Truck,4,Sys,5071,NA,NA,NA,561418,7771,NA,NA,NA,$169.05
9072,8/20/2024,14894,Truckload,Sys,8072,Truck,4,Sys,5072,NA,NA,NA,901463,7772,NA,NA,NA,$885.00
9073,8/20/2024,14900,Flatbed,Sys,8073,Truck,4,Sys,5073,NA,NA,NA,38245,7773,NA,NA,NA,"$6,781.00"
9074,8/20/2024,14902,Truckload,Sys,8074,Truck,4,Sys,5074,NA,NA,NA,608734,7774,NA,NA,NA,$595.00
9075,8/20/2024,14926,Flatbed,Sys,8075,Truck,4,Sys,5075,NA,NA,NA,5203322,7775,NA,NA,NA,"$9,303.36"
9076,8/20/2024,14928,Truckload,Sys,8076,Truck,4,Sys,5076,NA,NA,NA,2505553,7776,NA,NA,NA,$600.00
9077,8/20/2024,14929,Truckload,Sys,8077,Truck,4,Sys,5077,NA,NA,NA,5734991,7777,NA,NA,NA,$865.00
9078,8/20/2024,15313,Flatbed,Sys,8078,Truck,4,Sys,5078,NA,NA,NA,5203322,7778,NA,NA,NA,"$5,399.11"
9079,8/20/2024,15323,Truckload,Sys,8079,Truck,4,Sys,5079,NA,NA,NA,561418,7779,NA,NA,NA,$155.31
9080,8/20/2024,15331,Truckload,Sys,8080,Truck,4,Sys,5080,NA,NA,NA,429996,7780,NA,NA,NA,$545.00
9081,8/20/2024,15337,Intermodal,Sys,8081,Truck,4,Sys,5081,NA,NA,NA,1702382,7781,NA,NA,NA,"$1,830.00"
9082,8/20/2024,15341,Truckload,Sys,8082,Truck,4,Sys,5082,NA,NA,NA,993857,7782,NA,NA,NA,"$1,440.00"
9083,8/20/2024,15353,Truckload,Sys,8083,Truck,4,Sys,5083,NA,NA,NA,7163882,7783,NA,NA,NA,$579.00
9084,8/20/2024,15378,Flatbed,Sys,8084,Truck,4,Sys,5084,NA,NA,NA,5203322,7784,NA,NA,NA,"$8,468.00"
9085,8/21/2024,14689,Truckload,Sys,8085,Truck,4,Sys,5085,NA,NA,NA,6184413,7785,NA,NA,NA,"$4,964.40"
9086,8/21/2024,14814,Flatbed,Sys,8086,Truck,4,Sys,5086,NA,NA,NA,3348481,7786,NA,NA,NA,"$3,050.00"
9087,8/21/2024,14830,Drayage,Sys,8087,Truck,4,Sys,5087,NA,NA,NA,834412,7787,NA,NA,NA,"$1,200.00"
9088,8/21/2024,14831,Drayage,Sys,8088,Truck,4,Sys,5088,NA,NA,NA,834412,7788,NA,NA,NA,"$1,200.00"
9089,8/21/2024,14884,Truckload,Sys,8089,Truck,4,Sys,5089,NA,NA,NA,5420051,7789,NA,NA,NA,"$1,540.00"
9090,8/21/2024,14886,Truckload,Sys,8090,Truck,4,Sys,5090,NA,NA,NA,38245,7790,NA,NA,NA,"$6,148.00"
9091,8/21/2024,14887,Truckload,Sys,8091,Truck,4,Sys,5091,NA,NA,NA,5132342,7791,NA,NA,NA,"$1,782.00"
9092,8/21/2024,14890,Truckload,Sys,8092,Truck,4,Sys,5092,NA,NA,NA,592783,7792,NA,NA,NA,"$4,750.00"
9093,8/21/2024,14901,Truckload,Sys,8093,Truck,4,Sys,5093,NA,NA,NA,5682261,7793,NA,NA,NA,"$2,598.00"
9094,8/21/2024,14904,Truckload,Sys,8094,Truck,4,Sys,5094,NA,NA,NA,295743,7794,NA,NA,NA,"$2,500.00"
9095,8/21/2024,14905,Truckload,Sys,8095,Truck,4,Sys,5095,NA,NA,NA,592783,7795,NA,NA,NA,"$2,675.00"
9096,8/21/2024,14918,Truckload,Sys,8096,Truck,4,Sys,5096,NA,NA,NA,3146704,7796,NA,NA,NA,$822.00
9097,8/21/2024,14927,Truckload,Sys,8097,Truck,4,Sys,5097,NA,NA,NA,5203322,7797,NA,NA,NA,"$9,022.18"
9098,8/21/2024,14953,Truckload,Sys,8098,Truck,4,Sys,5098,NA,NA,NA,8665891,7798,NA,NA,NA,$529.00
9099,8/21/2024,14954,Truckload,Sys,8099,Truck,4,Sys,5099,NA,NA,NA,6133313,7799,NA,NA,NA,"$2,223.00"
9100,8/21/2024,14955,Flatbed,Sys,8100,Truck,4,Sys,5100,NA,NA,NA,5203322,7800,NA,NA,NA,"$6,534.00"
9101,8/21/2024,14956,Truckload,Sys,8101,Truck,4,Sys,5101,NA,NA,NA,8665891,7801,NA,NA,NA,$529.00
9102,8/21/2024,14957,Truckload,Sys,8102,Truck,4,Sys,5102,NA,NA,NA,608734,7802,NA,NA,NA,$325.00
9103,8/21/2024,14959,Truckload,Sys,8103,Truck,4,Sys,5103,NA,NA,NA,8665891,7803,NA,NA,NA,$529.00
9104,8/21/2024,14961,Truckload,Sys,8104,Truck,4,Sys,5104,NA,NA,NA,9812382,7804,NA,NA,NA,$475.00
9105,8/21/2024,14970,Flatbed,Sys,8105,Truck,4,Sys,5105,NA,NA,NA,5203322,7805,NA,NA,NA,"$8,660.64"
9106,8/21/2024,14971,Flatbed,Sys,8106,Truck,4,Sys,5106,NA,NA,NA,5203322,7806,NA,NA,NA,"$7,686.00"
9107,8/21/2024,14974,Truckload,Sys,8107,Truck,4,Sys,5107,NA,NA,NA,4727672,7807,NA,NA,NA,"$1,750.00"
9108,8/21/2024,14993,Truckload,Sys,8108,Truck,4,Sys,5108,NA,NA,NA,8552082,7808,NA,NA,NA,"$1,725.00"
9109,8/21/2024,14995,Drayage,Sys,8109,Truck,4,Sys,5109,NA,NA,NA,774582,7809,NA,NA,NA,"$1,790.00"
9110,8/21/2024,15007,Drayage,Sys,8110,Truck,4,Sys,5110,NA,NA,NA,5558913,7810,NA,NA,NA,"$1,087.44"
9111,8/21/2024,15012,Drayage,Sys,8111,Truck,4,Sys,5111,NA,NA,NA,5558913,7811,NA,NA,NA,"$1,040.16"
9112,8/21/2024,15039,Flatbed,Sys,8112,Truck,4,Sys,5112,NA,NA,NA,8679183,7812,NA,NA,NA,"$1,295.00"
9113,8/21/2024,15040,Flatbed,Sys,8113,Truck,4,Sys,5113,NA,NA,NA,5476151,7813,NA,NA,NA,"$1,295.00"
9114,8/21/2024,15044,Flatbed,Sys,8114,Truck,4,Sys,5114,NA,NA,NA,9310652,7814,NA,NA,NA,"$1,295.00"
9115,8/21/2024,15273,Truckload,Sys,8115,Truck,4,Sys,5115,NA,NA,NA,8904412,7815,NA,NA,NA,"$1,122.90"
9116,8/21/2024,15336,Flatbed,Sys,8116,Truck,4,Sys,5116,NA,NA,NA,5203322,7816,NA,NA,NA,"$9,207.65"
9117,8/21/2024,15342,Truckload,Sys,8117,Truck,4,Sys,5117,NA,NA,NA,993857,7817,NA,NA,NA,"$1,440.00"
9118,8/21/2024,15360,Truckload,Sys,8118,Truck,4,Sys,5118,NA,NA,NA,1814214,7818,NA,NA,NA,$439.00
9119,8/21/2024,15364,Truckload,Sys,8119,Truck,4,Sys,5119,NA,NA,NA,7378073,7819,NA,NA,NA,"$2,500.00"
9120,8/21/2024,15377,Flatbed,Sys,8120,Truck,4,Sys,5120,NA,NA,NA,1400373,7820,NA,NA,NA,$300.00
9121,8/22/2024,14920,Drayage,Sys,8121,Truck,4,Sys,5121,NA,NA,NA,7777777,7821,NA,NA,NA,"$3,490.00"
9122,8/22/2024,14922,Drayage,Sys,8122,Truck,4,Sys,5122,NA,NA,NA,5558913,7822,NA,NA,NA,$992.88
9123,8/22/2024,14923,Truckload,Sys,8123,Truck,4,Sys,5123,NA,NA,NA,3748552,7823,NA,NA,NA,"$1,536.60"
9124,8/22/2024,14935,Drayage,Sys,8124,Truck,4,Sys,5124,NA,NA,NA,11183,7824,NA,NA,NA,"$2,230.00"
9125,8/22/2024,14951,Drayage,Sys,8125,Truck,4,Sys,5125,NA,NA,NA,11183,7825,NA,NA,NA,"$2,936.83"
9126,8/22/2024,14964,Truckload,Sys,8126,Truck,4,Sys,5126,NA,NA,NA,993857,7826,NA,NA,NA,"$1,441.00"
9127,8/22/2024,14965,Truckload,Sys,8127,Truck,4,Sys,5127,NA,NA,NA,9099353,7827,NA,NA,NA,$505.00
9128,8/22/2024,14966,Truckload,Sys,8128,Truck,4,Sys,5128,NA,NA,NA,3091592,7828,NA,NA,NA,$405.00
9129,8/22/2024,14967,Truckload,Sys,8129,Truck,4,Sys,5129,NA,NA,NA,608734,7829,NA,NA,NA,$325.00
9130,8/22/2024,14969,Drayage,Sys,8130,Truck,4,Sys,5130,NA,NA,NA,11183,7830,NA,NA,NA,"$2,791.83"
9131,8/22/2024,14972,Truckload,Sys,8131,Truck,4,Sys,5131,NA,NA,NA,561418,7831,NA,NA,NA,$167.78
9132,8/22/2024,14973,Truckload,Sys,8132,Truck,4,Sys,5132,NA,NA,NA,3646251,7832,NA,NA,NA,"$1,490.00"
9133,8/22/2024,14985,Truckload,Sys,8133,Truck,4,Sys,5133,NA,NA,NA,2538804,7833,NA,NA,NA,"$1,250.00"
9134,8/22/2024,14986,Flatbed,Sys,8134,Truck,4,Sys,5134,NA,NA,NA,3537013,7834,NA,NA,NA,"$1,550.00"
9135,8/22/2024,14994,Flatbed,Sys,8135,Truck,4,Sys,5135,NA,NA,NA,5145692,7835,NA,NA,NA,"$1,185.00"
9136,8/22/2024,15017,Truckload,Sys,8136,Truck,4,Sys,5136,NA,NA,NA,561418,7836,NA,NA,NA,$185.00
9137,8/22/2024,15025,Truckload,Sys,8137,Truck,4,Sys,5137,NA,NA,NA,608734,7837,NA,NA,NA,$350.00
9138,8/22/2024,15054,Truckload,Sys,8138,Truck,4,Sys,5138,NA,NA,NA,8665891,7838,NA,NA,NA,$529.00
9139,8/22/2024,15055,Truckload,Sys,8139,Truck,4,Sys,5139,NA,NA,NA,387062,7839,NA,NA,NA,$625.00
9140,8/22/2024,15058,Truckload,Sys,8140,Truck,4,Sys,5140,NA,NA,NA,7121583,7840,NA,NA,NA,$674.00
9141,8/22/2024,15319,Truckload,Sys,8141,Truck,4,Sys,5141,NA,NA,NA,7656641,7841,NA,NA,NA,"$1,364.00"
9142,8/22/2024,15324,Truckload,Sys,8142,Truck,4,Sys,5142,NA,NA,NA,3428761,7842,NA,NA,NA,"$5,225.00"
9143,8/22/2024,15374,Truckload,Sys,8143,Truck,4,Sys,5143,NA,NA,NA,1800283,7843,NA,NA,NA,"$2,100.00"
9144,8/22/2024,15419,Truckload,Sys,8144,Truck,4,Sys,5144,NA,NA,NA,6985101,7844,NA,NA,NA,"$1,095.00"
9145,8/23/2024,14856,Truckload,Sys,8145,Truck,4,Sys,5145,NA,NA,NA,592783,7845,NA,NA,NA,"$3,345.00"
9146,8/23/2024,14960,Truckload,Sys,8146,Truck,4,Sys,5146,NA,NA,NA,9480801,7846,NA,NA,NA,"$1,610.00"
9147,8/23/2024,14968,Truckload,Sys,8147,Truck,4,Sys,5147,NA,NA,NA,5420051,7847,NA,NA,NA,"$1,210.00"
9148,8/23/2024,14975,Truckload,Sys,8148,Truck,4,Sys,5148,NA,NA,NA,5203322,7848,NA,NA,NA,"$2,978.77"
9149,8/23/2024,14976,Truckload,Sys,8149,Truck,4,Sys,5149,NA,NA,NA,5203322,7849,NA,NA,NA,"$6,138.87"
9150,8/23/2024,14984,Truckload,Sys,8150,Truck,4,Sys,5150,NA,NA,NA,608734,7850,NA,NA,NA,$325.00
9151,8/23/2024,14991,Truckload,Sys,8151,Truck,4,Sys,5151,NA,NA,NA,5203322,7851,NA,NA,NA,"$1,834.00"
9152,8/23/2024,14992,Truckload,Sys,8152,Truck,4,Sys,5152,NA,NA,NA,608734,7852,NA,NA,NA,$595.00
9153,8/23/2024,14998,Truckload,Sys,8153,Truck,4,Sys,5153,NA,NA,NA,608734,7853,NA,NA,NA,$325.00
9154,8/23/2024,14999,Truckload,Sys,8154,Truck,4,Sys,5154,NA,NA,NA,5792573,7854,NA,NA,NA,$415.00
9155,8/23/2024,15001,Truckload,Sys,8155,Truck,4,Sys,5155,NA,NA,NA,5203322,7855,NA,NA,NA,"$8,472.65"
9156,8/23/2024,15013,Truckload,Sys,8156,Truck,4,Sys,5156,NA,NA,NA,939823,7856,NA,NA,NA,"$1,536.60"
9157,8/23/2024,15016,Flatbed,Sys,8157,Truck,4,Sys,5157,NA,NA,NA,5203322,7857,NA,NA,NA,"$5,848.85"
9158,8/23/2024,15031,Truckload,Sys,8158,Truck,4,Sys,5158,NA,NA,NA,9139153,7858,NA,NA,NA,"$5,570.00"
9159,8/23/2024,15042,Flatbed,Sys,8159,Truck,4,Sys,5159,NA,NA,NA,9517143,7859,NA,NA,NA,"$1,295.00"
9160,8/23/2024,15043,Flatbed,Sys,8160,Truck,4,Sys,5160,NA,NA,NA,8963252,7860,NA,NA,NA,"$1,295.00"
9161,8/23/2024,15046,Flatbed,Sys,8161,Truck,4,Sys,5161,NA,NA,NA,1704363,7861,NA,NA,NA,$750.00
9162,8/23/2024,15047,Drayage,Sys,8162,Truck,4,Sys,5162,NA,NA,NA,3907471,7862,NA,NA,NA,"$6,967.00"
9163,8/23/2024,15050,Truckload,Sys,8163,Truck,4,Sys,5163,NA,NA,NA,561418,7863,NA,NA,NA,$185.21
9164,8/23/2024,15051,Truckload,Sys,8164,Truck,4,Sys,5164,NA,NA,NA,561418,7864,NA,NA,NA,$178.56
9165,8/23/2024,15053,Truckload,Sys,8165,Truck,4,Sys,5165,NA,NA,NA,2572263,7865,NA,NA,NA,"$2,550.00"
9166,8/23/2024,15057,Truckload,Sys,8166,Truck,4,Sys,5166,NA,NA,NA,561418,7866,NA,NA,NA,$299.55
9167,8/23/2024,15071,Truckload,Sys,8167,Truck,4,Sys,5167,NA,NA,NA,561418,7867,NA,NA,NA,$149.67
9168,8/23/2024,15074,Truckload,Sys,8168,Truck,4,Sys,5168,NA,NA,NA,6612,7868,NA,NA,NA,$698.00
9169,8/23/2024,15076,Truckload,Sys,8169,Truck,4,Sys,5169,NA,NA,NA,993857,7869,NA,NA,NA,"$1,018.00"
9170,8/23/2024,15093,Truckload,Sys,8170,Truck,4,Sys,5170,NA,NA,NA,5225423,7870,NA,NA,NA,$449.00
9171,8/23/2024,15094,Truckload,Sys,8171,Truck,4,Sys,5171,NA,NA,NA,5132342,7871,NA,NA,NA,"$1,922.00"
9172,8/23/2024,15101,Truckload,Sys,8172,Truck,4,Sys,5172,NA,NA,NA,3422972,7872,NA,NA,NA,$550.00
9173,8/23/2024,15107,Truckload,Sys,8173,Truck,4,Sys,5173,NA,NA,NA,3422972,7873,NA,NA,NA,$550.00
9174,8/23/2024,15108,Truckload,Sys,8174,Truck,4,Sys,5174,NA,NA,NA,7364782,7874,NA,NA,NA,"$3,200.00"
9175,8/23/2024,15318,Truckload,Sys,8175,Truck,4,Sys,5175,NA,NA,NA,7656641,7875,NA,NA,NA,"$1,424.00"
9176,8/23/2024,15338,Truckload,Sys,8176,Truck,4,Sys,5176,NA,NA,NA,561418,7876,NA,NA,NA,$217.01
9177,8/23/2024,15365,Truckload,Sys,8177,Truck,4,Sys,5177,NA,NA,NA,2112004,7877,NA,NA,NA,"$2,185.00"
9178,8/23/2024,15385,Truckload,Sys,8178,Truck,4,Sys,5178,NA,NA,NA,7261791,7878,NA,NA,NA,"$4,115.00"
9179,8/23/2024,15417,Truckload,Sys,8179,Truck,4,Sys,5179,NA,NA,NA,5734991,7879,NA,NA,NA,$865.00
9180,8/24/2024,14962,Truckload,Sys,8180,Truck,4,Sys,5180,NA,NA,NA,4657181,7880,NA,NA,NA,$254.63
9181,8/24/2024,15203,Truckload,Sys,8181,Truck,4,Sys,5181,NA,NA,NA,7788273,7881,NA,NA,NA,$800.00
9182,8/24/2024,15284,Drayage,Sys,8182,Truck,4,Sys,5182,NA,NA,NA,834412,7882,NA,NA,NA,"$1,200.00"
9183,8/24/2024,15352,Truckload,Sys,8183,Truck,4,Sys,5183,NA,NA,NA,8665891,7883,NA,NA,NA,$640.00
9184,8/24/2024,15355,Truckload,Sys,8184,Truck,4,Sys,5184,NA,NA,NA,561418,7884,NA,NA,NA,$185.00
9185,8/24/2024,15376,Truckload,Sys,8185,Truck,4,Sys,5185,NA,NA,NA,3592373,7885,NA,NA,NA,$150.00
9186,8/24/2024,15380,Flatbed,Sys,8186,Truck,4,Sys,5186,NA,NA,NA,5203322,7886,NA,NA,NA,"$5,251.00"
9187,8/24/2024,15438,Flatbed,Sys,8187,Truck,4,Sys,5187,NA,NA,NA,5203322,7887,NA,NA,NA,"$9,092.16"
9188,8/24/2024,15440,Truckload,Sys,8188,Truck,4,Sys,5188,NA,NA,NA,5203322,7888,NA,NA,NA,"$9,072.72"
9189,8/25/2024,15259,Truckload,Sys,8189,Truck,4,Sys,5189,NA,NA,NA,4657181,7889,NA,NA,NA,$254.63
9190,8/25/2024,15316,Truckload,Sys,8190,Truck,4,Sys,5190,NA,NA,NA,7656641,7890,NA,NA,NA,"$1,394.00"
9191,8/25/2024,15317,Truckload,Sys,8191,Truck,4,Sys,5191,NA,NA,NA,7656641,7891,NA,NA,NA,"$1,484.00"
9192,8/25/2024,15339,Truckload,Sys,8192,Truck,4,Sys,5192,NA,NA,NA,3422972,7892,NA,NA,NA,$365.00
9193,8/25/2024,15379,Flatbed,Sys,8193,Truck,4,Sys,5193,NA,NA,NA,5203322,7893,NA,NA,NA,"$7,509.46"
9194,8/25/2024,15388,Truckload,Sys,8194,Truck,4,Sys,5194,NA,NA,NA,993857,7894,NA,NA,NA,"$1,186.00"
9195,8/25/2024,15389,Truckload,Sys,8195,Truck,4,Sys,5195,NA,NA,NA,7163882,7895,NA,NA,NA,$719.00
9196,8/25/2024,15398,Truckload,Sys,8196,Truck,4,Sys,5196,NA,NA,NA,2857023,7896,NA,NA,NA,"$5,250.00"
9197,8/25/2024,15410,Truckload,Sys,8197,Truck,4,Sys,5197,NA,NA,NA,561418,7897,NA,NA,NA,$208.80
9198,8/25/2024,15416,Truckload,Sys,8198,Truck,4,Sys,5198,NA,NA,NA,608734,7898,NA,NA,NA,$595.00
9199,8/25/2024,15433,Truckload,Sys,8199,Truck,4,Sys,5199,NA,NA,NA,342683,7899,NA,NA,NA,$300.00
9200,8/26/2024,14882,Truckload,Sys,8200,Truck,4,Sys,5200,NA,NA,NA,4657181,7900,NA,NA,NA,$254.63
9201,8/26/2024,14988,Drayage,Sys,8201,Truck,4,Sys,5201,NA,NA,NA,834412,7901,NA,NA,NA,"$1,200.00"
9202,8/26/2024,14996,Drayage,Sys,8202,Truck,4,Sys,5202,NA,NA,NA,774582,7902,NA,NA,NA,"$1,490.00"
9203,8/26/2024,14997,Drayage,Sys,8203,Truck,4,Sys,5203,NA,NA,NA,774582,7903,NA,NA,NA,"$2,107.00"
9204,8/26/2024,15006,Drayage,Sys,8204,Truck,4,Sys,5204,NA,NA,NA,7777777,7904,NA,NA,NA,"$3,570.00"
9205,8/26/2024,15008,Truckload,Sys,8205,Truck,4,Sys,5205,NA,NA,NA,6022412,7905,NA,NA,NA,"$1,418.40"
9206,8/26/2024,15010,Drayage,Sys,8206,Truck,4,Sys,5206,NA,NA,NA,7777777,7906,NA,NA,NA,"$3,530.00"
9207,8/26/2024,15038,Truckload,Sys,8207,Truck,4,Sys,5207,NA,NA,NA,5121752,7907,NA,NA,NA,$500.00
9208,8/26/2024,15041,Flatbed,Sys,8208,Truck,4,Sys,5208,NA,NA,NA,2799993,7908,NA,NA,NA,"$1,295.00"
9209,8/26/2024,15045,Flatbed,Sys,8209,Truck,4,Sys,5209,NA,NA,NA,4192623,7909,NA,NA,NA,"$1,295.00"
9210,8/26/2024,15048,Drayage,Sys,8210,Truck,4,Sys,5210,NA,NA,NA,3907471,7910,NA,NA,NA,"$2,044.86"
9211,8/26/2024,15052,Flatbed,Sys,8211,Truck,4,Sys,5211,NA,NA,NA,5203322,7911,NA,NA,NA,"$7,861.49"
9212,8/26/2024,15056,Flatbed,Sys,8212,Truck,4,Sys,5212,NA,NA,NA,9614183,7912,NA,NA,NA,"$1,450.00"
9213,8/26/2024,15059,Truckload,Sys,8213,Truck,4,Sys,5213,NA,NA,NA,993857,7913,NA,NA,NA,"$1,548.00"
9214,8/26/2024,15072,Truckload,Sys,8214,Truck,4,Sys,5214,NA,NA,NA,3422972,7914,NA,NA,NA,"$1,100.00"
9215,8/26/2024,15073,Truckload,Sys,8215,Truck,4,Sys,5215,NA,NA,NA,5420051,7915,NA,NA,NA,"$2,242.00"
9216,8/26/2024,15075,Truckload,Sys,8216,Truck,4,Sys,5216,NA,NA,NA,993857,7916,NA,NA,NA,$884.00
9217,8/26/2024,15077,Truckload,Sys,8217,Truck,4,Sys,5217,NA,NA,NA,8665891,7917,NA,NA,NA,$529.00
9218,8/26/2024,15078,Truckload,Sys,8218,Truck,4,Sys,5218,NA,NA,NA,5203322,7918,NA,NA,NA,"$8,958.00"
9219,8/26/2024,15082,Truckload,Sys,8219,Truck,4,Sys,5219,NA,NA,NA,3830642,7919,NA,NA,NA,$645.00
9220,8/26/2024,15083,Truckload,Sys,8220,Truck,4,Sys,5220,NA,NA,NA,6612,7920,NA,NA,NA,"$1,360.00"
9221,8/26/2024,15095,Truckload,Sys,8221,Truck,4,Sys,5221,NA,NA,NA,8974021,7921,NA,NA,NA,$855.00
9222,8/26/2024,15100,Truckload,Sys,8222,Truck,4,Sys,5222,NA,NA,NA,8665891,7922,NA,NA,NA,$529.00
9223,8/26/2024,15103,Truckload,Sys,8223,Truck,4,Sys,5223,NA,NA,NA,6427392,7923,NA,NA,NA,"$1,649.00"
9224,8/26/2024,15387,Truckload,Sys,8224,Truck,4,Sys,5224,NA,NA,NA,993857,7924,NA,NA,NA,"$1,432.00"
9225,8/26/2024,15399,Truckload,Sys,8225,Truck,4,Sys,5225,NA,NA,NA,172023,7925,NA,NA,NA,"$4,800.00"
9226,8/26/2024,15405,Truckload,Sys,8226,Truck,4,Sys,5226,NA,NA,NA,213342,7926,NA,NA,NA,"$1,105.00"
9227,8/26/2024,15406,Truckload,Sys,8227,Truck,4,Sys,5227,NA,NA,NA,3422972,7927,NA,NA,NA,$550.00
9228,8/26/2024,15411,Truckload,Sys,8228,Truck,4,Sys,5228,NA,NA,NA,561418,7928,NA,NA,NA,$362.02
9229,8/26/2024,15418,Truckload,Sys,8229,Truck,4,Sys,5229,NA,NA,NA,993857,7929,NA,NA,NA,"$2,125.00"
9230,8/26/2024,15429,Truckload,Sys,8230,Truck,4,Sys,5230,NA,NA,NA,9583204,7930,NA,NA,NA,"$1,085.00"
9231,8/26/2024,15445,Flatbed,Sys,8231,Truck,4,Sys,5231,NA,NA,NA,4563573,7931,NA,NA,NA,"$1,239.00"
9232,8/26/2024,15452,Truckload,Sys,8232,Truck,4,Sys,5232,NA,NA,NA,5420051,7932,NA,NA,NA,"$1,695.00"
9233,8/27/2024,15004,Drayage,Sys,8233,Truck,4,Sys,5233,NA,NA,NA,834412,7933,NA,NA,NA,"$1,200.00"
9234,8/27/2024,15090,Truckload,Sys,8234,Truck,4,Sys,5234,NA,NA,NA,6659253,7934,NA,NA,NA,"$2,162.00"
9235,8/27/2024,15096,Truckload,Sys,8235,Truck,4,Sys,5235,NA,NA,NA,5203322,7935,NA,NA,NA,"$7,149.00"
9236,8/27/2024,15099,Truckload,Sys,8236,Truck,4,Sys,5236,NA,NA,NA,9108281,7936,NA,NA,NA,"$2,500.00"
9237,8/27/2024,15106,Truckload,Sys,8237,Truck,4,Sys,5237,NA,NA,NA,762897,7937,NA,NA,NA,$350.00
9238,8/27/2024,15112,Truckload,Sys,8238,Truck,4,Sys,5238,NA,NA,NA,41202,7938,NA,NA,NA,$402.76
9239,8/27/2024,15114,Truckload,Sys,8239,Truck,4,Sys,5239,NA,NA,NA,561418,7939,NA,NA,NA,$208.83
9240,8/27/2024,15116,Truckload,Sys,8240,Truck,4,Sys,5240,NA,NA,NA,8904412,7940,NA,NA,NA,$781.50
9241,8/27/2024,15118,Truckload,Sys,8241,Truck,4,Sys,5241,NA,NA,NA,5420051,7941,NA,NA,NA,"$1,154.00"
9242,8/27/2024,15120,Truckload,Sys,8242,Truck,4,Sys,5242,NA,NA,NA,5420051,7942,NA,NA,NA,$794.00
9243,8/27/2024,15125,Truckload,Sys,8243,Truck,4,Sys,5243,NA,NA,NA,5203322,7943,NA,NA,NA,"$3,224.00"
9244,8/27/2024,15143,Truckload,Sys,8244,Truck,4,Sys,5244,NA,NA,NA,561418,7944,NA,NA,NA,$362.02
9245,8/27/2024,15144,Truckload,Sys,8245,Truck,4,Sys,5245,NA,NA,NA,7129923,7945,NA,NA,NA,"$3,786.00"
9246,8/27/2024,15145,Truckload,Sys,8246,Truck,4,Sys,5246,NA,NA,NA,3422972,7946,NA,NA,NA,$550.00
9247,8/27/2024,15148,Truckload,Sys,8247,Truck,4,Sys,5247,NA,NA,NA,6133313,7947,NA,NA,NA,"$2,223.00"
9248,8/27/2024,15149,Truckload,Sys,8248,Truck,4,Sys,5248,NA,NA,NA,5132342,7948,NA,NA,NA,"$1,306.00"
9249,8/27/2024,15151,Flatbed,Sys,8249,Truck,4,Sys,5249,NA,NA,NA,5203322,7949,NA,NA,NA,"$9,297.15"
9250,8/27/2024,15154,Truckload,Sys,8250,Truck,4,Sys,5250,NA,NA,NA,5203322,7950,NA,NA,NA,"$9,043.00"
9251,8/27/2024,15167,Truckload,Sys,8251,Truck,4,Sys,5251,NA,NA,NA,6427392,7951,NA,NA,NA,"$1,298.00"
9252,8/27/2024,15173,Truckload,Sys,8252,Truck,4,Sys,5252,NA,NA,NA,5132342,7952,NA,NA,NA,"$2,059.00"
9253,8/27/2024,15174,Flatbed,Sys,8253,Truck,4,Sys,5253,NA,NA,NA,2033393,7953,NA,NA,NA,"$1,898.00"
9254,8/27/2024,15175,Flatbed,Sys,8254,Truck,4,Sys,5254,NA,NA,NA,3537013,7954,NA,NA,NA,"$1,550.00"
9255,8/27/2024,15196,Truckload,Sys,8255,Truck,4,Sys,5255,NA,NA,NA,9511312,7955,NA,NA,NA,"$3,539.00"
9256,8/27/2024,15315,Truckload,Sys,8256,Truck,4,Sys,5256,NA,NA,NA,3020692,7956,NA,NA,NA,"$1,244.00"
9257,8/27/2024,15412,Drayage,Sys,8257,Truck,4,Sys,5257,NA,NA,NA,3907471,7957,NA,NA,NA,"$4,880.00"
9258,8/27/2024,15423,Flatbed,Sys,8258,Truck,4,Sys,5258,NA,NA,NA,9085883,7958,NA,NA,NA,$415.00
9259,8/27/2024,15427,Truckload,Sys,8259,Truck,4,Sys,5259,NA,NA,NA,993857,7959,NA,NA,NA,$905.00
9260,8/28/2024,14721,Truckload,Sys,8260,Truck,4,Sys,5260,NA,NA,NA,1553252,7960,NA,NA,NA,$650.00
9261,8/28/2024,14880,Truckload,Sys,8261,Truck,4,Sys,5261,NA,NA,NA,4657181,7961,NA,NA,NA,$254.63
9262,8/28/2024,14948,Drayage,Sys,8262,Truck,4,Sys,5262,NA,NA,NA,708132,7962,NA,NA,NA,$994.50
9263,8/28/2024,14963,Truckload,Sys,8263,Truck,4,Sys,5263,NA,NA,NA,4657181,7963,NA,NA,NA,$254.63
9264,8/28/2024,15049,Flatbed,Sys,8264,Truck,4,Sys,5264,NA,NA,NA,9628852,7964,NA,NA,NA,"$1,477.50"
9265,8/28/2024,15098,Truckload,Sys,8265,Truck,4,Sys,5265,NA,NA,NA,7411732,7965,NA,NA,NA,"$2,400.00"
9266,8/28/2024,15105,Flatbed,Sys,8266,Truck,4,Sys,5266,NA,NA,NA,1400373,7966,NA,NA,NA,$300.00
9267,8/28/2024,15111,Truckload,Sys,8267,Truck,4,Sys,5267,NA,NA,NA,7798422,7967,NA,NA,NA,$595.00
9268,8/28/2024,15113,Drayage,Sys,8268,Truck,4,Sys,5268,NA,NA,NA,11183,7968,NA,NA,NA,"$2,616.83"
9269,8/28/2024,15117,Truckload,Sys,8269,Truck,4,Sys,5269,NA,NA,NA,993857,7969,NA,NA,NA,"$1,014.00"
9270,8/28/2024,15119,Truckload,Sys,8270,Truck,4,Sys,5270,NA,NA,NA,5132342,7970,NA,NA,NA,"$1,276.00"
9271,8/28/2024,15121,Flatbed,Sys,8271,Truck,4,Sys,5271,NA,NA,NA,6477133,7971,NA,NA,NA,"$1,550.00"
9272,8/28/2024,15122,Drayage,Sys,8272,Truck,4,Sys,5272,NA,NA,NA,11183,7972,NA,NA,NA,"$2,130.00"
9273,8/28/2024,15124,Truckload,Sys,8273,Truck,4,Sys,5273,NA,NA,NA,6323002,7973,NA,NA,NA,$700.00
9274,8/28/2024,15150,Truckload,Sys,8274,Truck,4,Sys,5274,NA,NA,NA,8904412,7974,NA,NA,NA,$519.00
9275,8/28/2024,15152,Flatbed,Sys,8275,Truck,4,Sys,5275,NA,NA,NA,5203322,7975,NA,NA,NA,"$9,231.00"
9276,8/28/2024,15153,Truckload,Sys,8276,Truck,4,Sys,5276,NA,NA,NA,5203322,7976,NA,NA,NA,"$9,102.15"
9277,8/28/2024,15155,Truckload,Sys,8277,Truck,4,Sys,5277,NA,NA,NA,278352,7977,NA,NA,NA,"$2,485.00"
9278,8/28/2024,15156,Drayage,Sys,8278,Truck,4,Sys,5278,NA,NA,NA,7618431,7978,NA,NA,NA,$611.45
9279,8/28/2024,15164,Truckload,Sys,8279,Truck,4,Sys,5279,NA,NA,NA,561418,7979,NA,NA,NA,$100.09
9280,8/28/2024,15172,Truckload,Sys,8280,Truck,4,Sys,5280,NA,NA,NA,5132342,7980,NA,NA,NA,"$2,812.00"
9281,8/28/2024,15177,Truckload,Sys,8281,Truck,4,Sys,5281,NA,NA,NA,7364782,7981,NA,NA,NA,"$3,200.00"
9282,8/28/2024,15178,Flatbed,Sys,8282,Truck,4,Sys,5282,NA,NA,NA,7854283,7982,NA,NA,NA,"$1,805.00"
9283,8/28/2024,15192,Flatbed,Sys,8283,Truck,4,Sys,5283,NA,NA,NA,5203322,7983,NA,NA,NA,"$9,214.00"
9284,8/28/2024,15193,Flatbed,Sys,8284,Truck,4,Sys,5284,NA,NA,NA,5203322,7984,NA,NA,NA,"$5,659.59"
9285,8/28/2024,15194,Drayage,Sys,8285,Truck,4,Sys,5285,NA,NA,NA,834412,7985,NA,NA,NA,"$1,200.00"
9286,8/28/2024,15197,Truckload,Sys,8286,Truck,4,Sys,5286,NA,NA,NA,608734,7986,NA,NA,NA,$325.00
9287,8/28/2024,15198,Truckload,Sys,8287,Truck,4,Sys,5287,NA,NA,NA,561418,7987,NA,NA,NA,$159.61
9288,8/28/2024,15213,Truckload,Sys,8288,Truck,4,Sys,5288,NA,NA,NA,1400373,7988,NA,NA,NA,"$1,005.00"
9289,8/28/2024,15215,Truckload,Sys,8289,Truck,4,Sys,5289,NA,NA,NA,2655632,7989,NA,NA,NA,"$3,210.00"
9290,8/28/2024,15220,Truckload,Sys,8290,Truck,4,Sys,5290,NA,NA,NA,5839803,7990,NA,NA,NA,"$1,985.00"
9291,8/28/2024,15221,Flatbed,Sys,8291,Truck,4,Sys,5291,NA,NA,NA,5203322,7991,NA,NA,NA,"$5,805.00"
9292,8/28/2024,15224,Truckload,Sys,8292,Truck,4,Sys,5292,NA,NA,NA,5203322,7992,NA,NA,NA,"$7,651.00"
9293,8/28/2024,15239,Flatbed,Sys,8293,Truck,4,Sys,5293,NA,NA,NA,985613,7993,NA,NA,NA,"$1,320.00"
9294,8/28/2024,15420,Drayage,Sys,8294,Truck,4,Sys,5294,NA,NA,NA,3907471,7994,NA,NA,NA,"$1,985.76"
9295,8/28/2024,15431,Truckload,Sys,8295,Truck,4,Sys,5295,NA,NA,NA,561418,7995,NA,NA,NA,$207.83
9296,8/28/2024,15439,Flatbed,Sys,8296,Truck,4,Sys,5296,NA,NA,NA,5203322,7996,NA,NA,NA,"$9,159.00"
9297,8/28/2024,15454,Truckload,Sys,8297,Truck,4,Sys,5297,NA,NA,NA,6133313,7997,NA,NA,NA,"$2,223.00"
9298,8/28/2024,15470,Flatbed,Sys,8298,Truck,4,Sys,5298,NA,NA,NA,3537013,7998,NA,NA,NA,"$1,550.00"
9299,8/29/2024,15171,Truckload,Sys,8299,Truck,4,Sys,5299,NA,NA,NA,5132342,7999,NA,NA,NA,"$2,766.00"
9300,8/29/2024,15180,Truckload,Sys,8300,Truck,4,Sys,5300,NA,NA,NA,561418,8000,NA,NA,NA,$165.58
9301,8/29/2024,15206,Truckload,Sys,8301,Truck,4,Sys,5301,NA,NA,NA,3422972,8001,NA,NA,NA,$550.00
9302,8/29/2024,15218,Truckload,Sys,8302,Truck,4,Sys,5302,NA,NA,NA,7127983,8002,NA,NA,NA,"$1,129.00"
9303,8/29/2024,15219,Truckload,Sys,8303,Truck,4,Sys,5303,NA,NA,NA,9480143,8003,NA,NA,NA,"$2,550.00"
9304,8/29/2024,15222,Truckload,Sys,8304,Truck,4,Sys,5304,NA,NA,NA,5203322,8004,NA,NA,NA,"$8,932.75"
9305,8/29/2024,15223,Flatbed,Sys,8305,Truck,4,Sys,5305,NA,NA,NA,5849153,8005,NA,NA,NA,$254.63
9306,8/29/2024,15225,Truckload,Sys,8306,Truck,4,Sys,5306,NA,NA,NA,993857,8006,NA,NA,NA,"$1,608.00"
9307,8/29/2024,15229,Truckload,Sys,8307,Truck,4,Sys,5307,NA,NA,NA,993857,8007,NA,NA,NA,"$2,430.00"
9308,8/29/2024,15251,Truckload,Sys,8308,Truck,4,Sys,5308,NA,NA,NA,561418,8008,NA,NA,NA,$149.01
9309,8/29/2024,15252,Truckload,Sys,8309,Truck,4,Sys,5309,NA,NA,NA,561418,8009,NA,NA,NA,$180.21
9310,8/29/2024,15256,Flatbed,Sys,8310,Truck,4,Sys,5310,NA,NA,NA,5203322,8010,NA,NA,NA,"$5,762.00"
9311,8/29/2024,15261,Truckload,Sys,8311,Truck,4,Sys,5311,NA,NA,NA,5132342,8011,NA,NA,NA,"$1,586.00"
9312,8/29/2024,15262,Truckload,Sys,8312,Truck,4,Sys,5312,NA,NA,NA,5149992,8012,NA,NA,NA,"$5,076.00"
9313,8/29/2024,15386,Drayage,Sys,8313,Truck,4,Sys,5313,NA,NA,NA,834412,8013,NA,NA,NA,"$1,200.00"
9314,8/29/2024,15407,Drayage,Sys,8314,Truck,4,Sys,5314,NA,NA,NA,11183,8014,NA,NA,NA,"$2,616.83"
9315,8/29/2024,15413,Drayage,Sys,8315,Truck,4,Sys,5315,NA,NA,NA,7777777,8015,NA,NA,NA,"$3,490.00"
9316,8/29/2024,15414,Drayage,Sys,8316,Truck,4,Sys,5316,NA,NA,NA,5558913,8016,NA,NA,NA,$992.88
9317,8/29/2024,15447,Truckload,Sys,8317,Truck,4,Sys,5317,NA,NA,NA,7364782,8017,NA,NA,NA,"$3,200.00"
9318,8/29/2024,15450,Truckload,Sys,8318,Truck,4,Sys,5318,NA,NA,NA,9078413,8018,NA,NA,NA,$865.00
9319,8/29/2024,15451,Truckload,Sys,8319,Truck,4,Sys,5319,NA,NA,NA,3807114,8019,NA,NA,NA,"$1,124.06"
9320,8/29/2024,15458,Truckload,Sys,8320,Truck,4,Sys,5320,NA,NA,NA,2300323,8020,NA,NA,NA,"$1,805.00"
9321,8/30/2024,15088,Drayage,Sys,8321,Truck,4,Sys,5321,NA,NA,NA,834412,8021,NA,NA,NA,"$1,200.00"
9322,8/30/2024,15247,Truckload,Sys,8322,Truck,4,Sys,5322,NA,NA,NA,1164183,8022,NA,NA,NA,$798.00
9323,8/30/2024,15248,Truckload,Sys,8323,Truck,4,Sys,5323,NA,NA,NA,8852892,8023,NA,NA,NA,$709.00
9324,8/30/2024,15254,Truckload,Sys,8324,Truck,4,Sys,5324,NA,NA,NA,5203322,8024,NA,NA,NA,"$7,649.79"
9325,8/30/2024,15456,Truckload,Sys,8325,Truck,4,Sys,5325,NA,NA,NA,561418,8025,NA,NA,NA,$169.01
9326,8/30/2024,15457,Truckload,Sys,8326,Truck,4,Sys,5326,NA,NA,NA,1400373,8026,NA,NA,NA,"$1,598.00"
9327,8/30/2024,15460,Truckload,Sys,8327,Truck,4,Sys,5327,NA,NA,NA,608734,8027,NA,NA,NA,$325.00
9328,8/31/2024,15391,Drayage,Sys,8328,Truck,4,Sys,5328,NA,NA,NA,7777777,8028,NA,NA,NA,"$6,564.00"
9329,8/31/2024,15415,Truckload,Sys,8329,Truck,4,Sys,5329,NA,NA,NA,115013,8029,NA,NA,NA,"$1,536.60"
9330,8/31/2024,15424,Truckload,Sys,8330,Truck,4,Sys,5330,NA,NA,NA,7887411,8030,NA,NA,NA,$965.00
9331,8/31/2024,15449,Truckload,Sys,8331,Truck,4,Sys,5331,NA,NA,NA,8756404,8031,NA,NA,NA,"$2,305.00"
9332,8/31/2024,15453,Truckload,Sys,8332,Truck,4,Sys,5332,NA,NA,NA,993857,8032,NA,NA,NA,"$1,392.00"
9333,8/31/2024,15463,Truckload,Sys,8333,Truck,4,Sys,5333,NA,NA,NA,213342,8033,NA,NA,NA,"$1,750.00"
9334,8/31/2024,15483,Truckload,Sys,8334,Truck,4,Sys,5334,NA,NA,NA,8665891,8034,NA,NA,NA,$585.00
9335,8/31/2024,15508,Truckload,Sys,8335,Truck,4,Sys,5335,NA,NA,NA,9185124,8035,NA,NA,NA,$585.00
9336,9/1/2024,15446,Truckload,Sys,8336,Truck,4,Sys,5336,NA,NA,NA,608734,8036,NA,NA,NA,$325.00
9337,9/1/2024,15468,Truckload,Sys,8337,Truck,4,Sys,5337,NA,NA,NA,7777777,8037,NA,NA,NA,"$7,735.00"
9338,9/1/2024,15471,Flatbed,Sys,8338,Truck,4,Sys,5338,NA,NA,NA,66643,8038,NA,NA,NA,"$10,364.09"
9339,9/1/2024,15484,Flatbed,Sys,8339,Truck,4,Sys,5339,NA,NA,NA,5203322,8039,NA,NA,NA,"$5,528.88"
9340,9/1/2024,15496,Truckload,Sys,8340,Truck,4,Sys,5340,NA,NA,NA,1400373,8040,NA,NA,NA,$945.00
9341,9/1/2024,15503,Flatbed,Sys,8341,Truck,4,Sys,5341,NA,NA,NA,66643,8041,NA,NA,NA,"$8,422.95"
9342,9/1/2024,15516,Truckload,Sys,8342,Truck,4,Sys,5342,NA,NA,NA,7364782,8042,NA,NA,NA,"$3,200.00"
9343,9/1/2024,15517,Truckload,Sys,8343,Truck,4,Sys,5343,NA,NA,NA,7364782,8043,NA,NA,NA,"$3,200.00"
9344,9/1/2024,15521,Truckload,Sys,8344,Truck,4,Sys,5344,NA,NA,NA,5420051,8044,NA,NA,NA,"$1,705.00"
9345,9/2/2024,15395,Drayage,Sys,8345,Truck,4,Sys,5345,NA,NA,NA,7777777,8045,NA,NA,NA,"$7,646.00"
9346,9/2/2024,15396,Drayage,Sys,8346,Truck,4,Sys,5346,NA,NA,NA,6763123,8046,NA,NA,NA,"$1,068.59"
9347,9/2/2024,15485,Flatbed,Sys,8347,Truck,4,Sys,5347,NA,NA,NA,5203322,8047,NA,NA,NA,"$9,432.28"
9348,9/2/2024,15493,Truckload,Sys,8348,Truck,4,Sys,5348,NA,NA,NA,9511312,8048,NA,NA,NA,"$2,395.00"
9349,9/2/2024,15502,Truckload,Sys,8349,Truck,4,Sys,5349,NA,NA,NA,1615883,8049,NA,NA,NA,$600.00
9350,9/3/2024,15097,Truckload,Sys,8350,Truck,4,Sys,5350,NA,NA,NA,5142503,8050,NA,NA,NA,$650.00
9351,9/3/2024,15227,Truckload,Sys,8351,Truck,4,Sys,5351,NA,NA,NA,1475571,8051,NA,NA,NA,$775.00
9352,9/3/2024,15488,Truckload,Sys,8352,Truck,4,Sys,5352,NA,NA,NA,5420051,8052,NA,NA,NA,"$2,755.00"
9353,9/3/2024,15527,Truckload,Sys,8353,Truck,4,Sys,5353,NA,NA,NA,561418,8053,NA,NA,NA,$180.21
9354,9/4/2024,15146,Truckload,Sys,8354,Truck,4,Sys,5354,NA,NA,NA,4657181,8054,NA,NA,NA,$254.63
9355,9/4/2024,15392,Drayage,Sys,8355,Truck,4,Sys,5355,NA,NA,NA,6763123,8055,NA,NA,NA,"$1,068.29"
9356,9/4/2024,15455,Intermodal,Sys,8356,Truck,4,Sys,5356,NA,NA,NA,1702382,8056,NA,NA,NA,"$1,245.00"
9357,9/4/2024,15504,Truckload,Sys,8357,Truck,4,Sys,5357,NA,NA,NA,5420051,8057,NA,NA,NA,$895.00
9358,9/4/2024,15520,Truckload,Sys,8358,Truck,4,Sys,5358,NA,NA,NA,592783,8058,NA,NA,NA,"$2,793.00"
9359,9/4/2024,15534,Flatbed,Sys,8359,Truck,4,Sys,5359,NA,NA,NA,38245,8059,NA,NA,NA,"$8,616.00"
9360,9/4/2024,15535,Flatbed,Sys,8360,Truck,4,Sys,5360,NA,NA,NA,66643,8060,NA,NA,NA,"$5,949.81"
9361,9/4/2024,15536,Truckload,Sys,8361,Truck,4,Sys,5361,NA,NA,NA,5588533,8061,NA,NA,NA,"$2,500.00"
9362,9/5/2024,15499,Truckload,Sys,8362,Truck,4,Sys,5362,NA,NA,NA,9987273,8062,NA,NA,NA,"$1,250.00"
9363,9/5/2024,15519,Flatbed,Sys,8363,Truck,4,Sys,5363,NA,NA,NA,5203322,8063,NA,NA,NA,"$8,977.00"
9364,9/5/2024,15549,Truckload,Sys,8364,Truck,4,Sys,5364,NA,NA,NA,6022412,8064,NA,NA,NA,"$2,540.00"
9365,9/6/2024,15394,Truckload,Sys,8365,Truck,4,Sys,5365,NA,NA,NA,213342,8065,NA,NA,NA,$600.00
9366,9/6/2024,15551,Truckload,Sys,8366,Truck,4,Sys,5366,NA,NA,NA,5420051,8066,NA,NA,NA,"$1,439.00"
9367,9/6/2024,15555,Truckload,Sys,8367,Truck,4,Sys,5367,NA,NA,NA,561418,8067,NA,NA,NA,$149.74
9368,9/6/2024,15556,Truckload,Sys,8368,Truck,4,Sys,5368,NA,NA,NA,5151071,8068,NA,NA,NA,"$1,400.00"
9369,9/6/2024,15572,Truckload,Sys,8369,Truck,4,Sys,5369,NA,NA,NA,561418,8069,NA,NA,NA,$109.87
9370,9/7/2024,15383,Truckload,Sys,8370,Truck,4,Sys,5370,NA,NA,NA,4657181,8070,NA,NA,NA,$254.63
9371,9/7/2024,15422,Flatbed,Sys,8371,Truck,4,Sys,5371,NA,NA,NA,4155312,8071,NA,NA,NA,"$1,536.60"
9372,9/7/2024,15529,Truckload,Sys,8372,Truck,4,Sys,5372,NA,NA,NA,561418,8072,NA,NA,NA,$118.98
9373,9/7/2024,15532,Truckload,Sys,8373,Truck,4,Sys,5373,NA,NA,NA,6612,8073,NA,NA,NA,$810.00
9374,9/7/2024,15545,Truckload,Sys,8374,Truck,4,Sys,5374,NA,NA,NA,213342,8074,NA,NA,NA,"$1,250.00"
9375,9/7/2024,15583,Truckload,Sys,8375,Truck,4,Sys,5375,NA,NA,NA,5225423,8075,NA,NA,NA,$405.00
9376,9/7/2024,15589,Flatbed,Sys,8376,Truck,4,Sys,5376,NA,NA,NA,66643,8076,NA,NA,NA,"$7,819.90"
9377,9/7/2024,15592,Truckload,Sys,8377,Truck,4,Sys,5377,NA,NA,NA,8665891,8077,NA,NA,NA,$504.00
9378,9/7/2024,15593,Truckload,Sys,8378,Truck,4,Sys,5378,NA,NA,NA,5420051,8078,NA,NA,NA,"$1,439.00"
9379,9/8/2024,15382,Truckload,Sys,8379,Truck,4,Sys,5379,NA,NA,NA,4657181,8079,NA,NA,NA,$254.63
9380,9/8/2024,15518,Truckload,Sys,8380,Truck,4,Sys,5380,NA,NA,NA,1297823,8080,NA,NA,NA,"$4,235.00"
9381,9/8/2024,15531,Truckload,Sys,8381,Truck,4,Sys,5381,NA,NA,NA,6932952,8081,NA,NA,NA,"$1,780.00"
9382,9/8/2024,15553,Flatbed,Sys,8382,Truck,4,Sys,5382,NA,NA,NA,1400373,8082,NA,NA,NA,$300.00
9383,9/8/2024,15558,Flatbed,Sys,8383,Truck,4,Sys,5383,NA,NA,NA,38245,8083,NA,NA,NA,"$3,567.00"
9384,9/8/2024,15605,Truckload,Sys,8384,Truck,4,Sys,5384,NA,NA,NA,8552082,8084,NA,NA,NA,"$2,400.00"
9385,9/9/2024,15482,Truckload,Sys,8385,Truck,4,Sys,5385,NA,NA,NA,7467023,8085,NA,NA,NA,"$1,494.00"
9386,9/9/2024,15494,Truckload,Sys,8386,Truck,4,Sys,5386,NA,NA,NA,587711,8086,NA,NA,NA,$819.00
9387,9/9/2024,15550,Truckload,Sys,8387,Truck,4,Sys,5387,NA,NA,NA,561418,8087,NA,NA,NA,$395.00
9388,9/9/2024,15566,Truckload,Sys,8388,Truck,4,Sys,5388,NA,NA,NA,213342,8088,NA,NA,NA,"$2,050.00"
9389,9/9/2024,15604,Truckload,Sys,8389,Truck,4,Sys,5389,NA,NA,NA,6612,8089,NA,NA,NA,"$1,440.00"
9390,9/9/2024,15607,Truckload,Sys,8390,Truck,4,Sys,5390,NA,NA,NA,5420051,8090,NA,NA,NA,"$2,147.00"
9391,9/10/2024,15421,Flatbed,Sys,8391,Truck,4,Sys,5391,NA,NA,NA,1556871,8091,NA,NA,NA,"$1,477.50"
9392,9/10/2024,15594,Truckload,Sys,8392,Truck,4,Sys,5392,NA,NA,NA,6612,8092,NA,NA,NA,$788.00
9393,9/10/2024,15622,Truckload,Sys,8393,Truck,4,Sys,5393,NA,NA,NA,4394502,8093,NA,NA,NA,"$2,345.00"
9394,9/10/2024,15625,Truckload,Sys,8394,Truck,4,Sys,5394,NA,NA,NA,561418,8094,NA,NA,NA,$186.61
9395,9/11/2024,15530,Intermodal,Sys,8395,Truck,4,Sys,5395,NA,NA,NA,1702382,8095,NA,NA,NA,"$1,090.00"
9396,9/11/2024,15552,Flatbed,Sys,8396,Truck,4,Sys,5396,NA,NA,NA,46885,8096,NA,NA,NA,"$3,889.00"
9397,9/11/2024,15612,Truckload,Sys,8397,Truck,4,Sys,5397,NA,NA,NA,8904412,8097,NA,NA,NA,$739.00
9398,9/12/2024,15563,Drayage,Sys,8398,Truck,4,Sys,5398,NA,NA,NA,3907471,8098,NA,NA,NA,"$1,790.73"
9399,9/12/2024,15586,Flatbed,Sys,8399,Truck,4,Sys,5399,NA,NA,NA,4155312,8099,NA,NA,NA,"$3,686.00"
9400,9/12/2024,15598,Truckload,Sys,8400,Truck,4,Sys,5400,NA,NA,NA,592783,8100,NA,NA,NA,"$2,087.00"
9401,9/12/2024,15606,Truckload,Sys,8401,Truck,4,Sys,5401,NA,NA,NA,561418,8101,NA,NA,NA,$175.58
9402,9/12/2024,15632,Truckload,Sys,8402,Truck,4,Sys,5402,NA,NA,NA,561418,8102,NA,NA,NA,$185.00
9403,9/13/2024,15476,Truckload,Sys,8403,Truck,4,Sys,5403,NA,NA,NA,4657181,8103,NA,NA,NA,$254.63
9404,9/13/2024,15546,Intermodal,Sys,8404,Truck,4,Sys,5404,NA,NA,NA,1702382,8104,NA,NA,NA,"$1,740.00"
9405,9/13/2024,15623,Flatbed,Sys,8405,Truck,4,Sys,5405,NA,NA,NA,66643,8105,NA,NA,NA,"$8,989.02"
9406,9/13/2024,15624,Flatbed,Sys,8406,Truck,4,Sys,5406,NA,NA,NA,38245,8106,NA,NA,NA,"$2,968.00"
9407,9/13/2024,15637,Truckload,Sys,8407,Truck,4,Sys,5407,NA,NA,NA,429996,8107,NA,NA,NA,$545.00
9408,9/13/2024,15639,Truckload,Sys,8408,Truck,4,Sys,5408,NA,NA,NA,7847863,8108,NA,NA,NA,$254.63
9409,9/14/2024,15393,Truckload,Sys,8409,Truck,4,Sys,5409,NA,NA,NA,7340222,8109,NA,NA,NA,"$4,137.00"
9410,9/14/2024,15397,Truckload,Sys,8410,Truck,4,Sys,5410,NA,NA,NA,9420523,8110,NA,NA,NA,"$5,673.60"
9411,9/14/2024,15475,Truckload,Sys,8411,Truck,4,Sys,5411,NA,NA,NA,4657181,8111,NA,NA,NA,$254.63
9412,9/14/2024,15528,Flatbed,Sys,8412,Truck,4,Sys,5412,NA,NA,NA,1501102,8112,NA,NA,NA,"$4,635.00"
9413,9/14/2024,15643,Truckload,Sys,8413,Truck,4,Sys,5413,NA,NA,NA,1480922,8113,NA,NA,NA,"$1,647.00"
9414,9/14/2024,15685,Truckload,Sys,8414,Truck,4,Sys,5414,NA,NA,NA,561418,8114,NA,NA,NA,$232.78
9415,9/14/2024,15694,Truckload,Sys,8415,Truck,4,Sys,5415,NA,NA,NA,3422972,8115,NA,NA,NA,$550.00
9416,9/15/2024,15547,Truckload,Sys,8416,Truck,4,Sys,5416,NA,NA,NA,592783,8116,NA,NA,NA,"$2,459.00"
9417,9/15/2024,15562,Drayage,Sys,8417,Truck,4,Sys,5417,NA,NA,NA,3907471,8117,NA,NA,NA,"$3,365.00"
9418,9/15/2024,15597,Truckload,Sys,8418,Truck,4,Sys,5418,NA,NA,NA,5420051,8118,NA,NA,NA,$928.00
9419,9/15/2024,15610,Flatbed,Sys,8419,Truck,4,Sys,5419,NA,NA,NA,3537013,8119,NA,NA,NA,"$1,400.00"
9420,9/15/2024,15621,Truckload,Sys,8420,Truck,4,Sys,5420,NA,NA,NA,8665891,8120,NA,NA,NA,$560.00
9421,9/15/2024,15641,Truckload,Sys,8421,Truck,4,Sys,5421,NA,NA,NA,2079133,8121,NA,NA,NA,$200.00
9422,9/15/2024,15662,Truckload,Sys,8422,Truck,4,Sys,5422,NA,NA,NA,549003,8122,NA,NA,NA,"$1,188.00"
9423,9/15/2024,15663,Truckload,Sys,8423,Truck,4,Sys,5423,NA,NA,NA,3592373,8123,NA,NA,NA,$495.00
9424,9/15/2024,15667,Truckload,Sys,8424,Truck,4,Sys,5424,NA,NA,NA,9109653,8124,NA,NA,NA,$300.00
9425,9/16/2024,15626,Flatbed,Sys,8425,Truck,4,Sys,5425,NA,NA,NA,9502983,8125,NA,NA,NA,"$3,530.00"
9426,9/16/2024,15628,Truckload,Sys,8426,Truck,4,Sys,5426,NA,NA,NA,7148833,8126,NA,NA,NA,$515.00
9427,9/16/2024,15638,Truckload,Sys,8427,Truck,4,Sys,5427,NA,NA,NA,7526653,8127,NA,NA,NA,"$2,162.00"
9428,9/16/2024,15647,Truckload,Sys,8428,Truck,4,Sys,5428,NA,NA,NA,4394502,8128,NA,NA,NA,"$2,722.00"
9429,9/16/2024,15648,Flatbed,Sys,8429,Truck,4,Sys,5429,NA,NA,NA,38245,8129,NA,NA,NA,"$6,053.00"
9430,9/16/2024,15651,Truckload,Sys,8430,Truck,4,Sys,5430,NA,NA,NA,4553542,8130,NA,NA,NA,$385.00
9431,9/16/2024,15664,Truckload,Sys,8431,Truck,4,Sys,5431,NA,NA,NA,3422972,8131,NA,NA,NA,$550.00
9432,9/16/2024,15672,Flatbed,Sys,8432,Truck,4,Sys,5432,NA,NA,NA,66643,8132,NA,NA,NA,"$5,735.25"
9433,9/16/2024,15690,Flatbed,Sys,8433,Truck,4,Sys,5433,NA,NA,NA,66643,8133,NA,NA,NA,"$5,618.52"
9434,9/17/2024,15645,Truckload,Sys,8434,Truck,4,Sys,5434,NA,NA,NA,592783,8134,NA,NA,NA,"$2,616.00"
9435,9/17/2024,15652,Truckload,Sys,8435,Truck,4,Sys,5435,NA,NA,NA,561418,8135,NA,NA,NA,$139.74
9436,9/17/2024,15674,Truckload,Sys,8436,Truck,4,Sys,5436,NA,NA,NA,5420051,8136,NA,NA,NA,"$1,439.00"
9437,9/17/2024,15676,Truckload,Sys,8437,Truck,4,Sys,5437,NA,NA,NA,9511312,8137,NA,NA,NA,"$2,620.00"
9438,9/18/2024,15613,Drayage,Sys,8438,Truck,4,Sys,5438,NA,NA,NA,11183,8138,NA,NA,NA,"$2,130.00"
9439,9/18/2024,15693,Truckload,Sys,8439,Truck,4,Sys,5439,NA,NA,NA,5420051,8139,NA,NA,NA,"$1,160.00"
9440,9/18/2024,15705,Truckload,Sys,8440,Truck,4,Sys,5440,NA,NA,NA,4394502,8140,NA,NA,NA,"$2,580.00"
9441,9/19/2024,15384,Drayage,Sys,8441,Truck,4,Sys,5441,NA,NA,NA,11183,8141,NA,NA,NA,"$1,550.00"
9442,9/19/2024,15559,Truckload,Sys,8442,Truck,4,Sys,5442,NA,NA,NA,4657181,8142,NA,NA,NA,$254.63
9443,9/19/2024,15564,Flatbed,Sys,8443,Truck,4,Sys,5443,NA,NA,NA,1556871,8143,NA,NA,NA,"$1,418.40"
9444,9/19/2024,15636,Truckload,Sys,8444,Truck,4,Sys,5444,NA,NA,NA,4657181,8144,NA,NA,NA,$254.63
9445,9/19/2024,15650,Intermodal,Sys,8445,Truck,4,Sys,5445,NA,NA,NA,1702382,8145,NA,NA,NA,"$1,340.00"
9446,9/19/2024,15673,Flatbed,Sys,8446,Truck,4,Sys,5446,NA,NA,NA,1469603,8146,NA,NA,NA,"$3,889.00"
9447,9/19/2024,15689,Truckload,Sys,8447,Truck,4,Sys,5447,NA,NA,NA,6698823,8147,NA,NA,NA,$405.00
9448,9/19/2024,15710,Truckload,Sys,8448,Truck,4,Sys,5448,NA,NA,NA,561418,8148,NA,NA,NA,$165.31
9449,9/19/2024,15714,Truckload,Sys,8449,Truck,4,Sys,5449,NA,NA,NA,561418,8149,NA,NA,NA,$190.21
9450,9/20/2024,15548,Drayage,Sys,8450,Truck,4,Sys,5450,NA,NA,NA,834412,8150,NA,NA,NA,"$1,200.00"
9451,9/20/2024,15561,Truckload,Sys,8451,Truck,4,Sys,5451,NA,NA,NA,4657181,8151,NA,NA,NA,$254.63
9452,9/20/2024,15691,Truckload,Sys,8452,Truck,4,Sys,5452,NA,NA,NA,993857,8152,NA,NA,NA,"$2,010.00"
9453,9/20/2024,15706,Truckload,Sys,8453,Truck,4,Sys,5453,NA,NA,NA,9511312,8153,NA,NA,NA,"$5,398.00"
9454,9/20/2024,15742,Flatbed,Sys,8454,Truck,4,Sys,5454,NA,NA,NA,66643,8154,NA,NA,NA,"$7,702.05"
9455,9/21/2024,15669,Drayage,Sys,8455,Truck,4,Sys,5455,NA,NA,NA,5558913,8155,NA,NA,NA,$992.88
9456,9/21/2024,15715,Truckload,Sys,8456,Truck,4,Sys,5456,NA,NA,NA,5682261,8156,NA,NA,NA,"$2,110.00"
9457,9/21/2024,15717,Drayage,Sys,8457,Truck,4,Sys,5457,NA,NA,NA,7777777,8157,NA,NA,NA,"$2,622.48"
9458,9/21/2024,15731,Truckload,Sys,8458,Truck,4,Sys,5458,NA,NA,NA,6624793,8158,NA,NA,NA,$300.00
9459,9/21/2024,15736,Truckload,Sys,8459,Truck,4,Sys,5459,NA,NA,NA,8303383,8159,NA,NA,NA,"$2,185.00"
9460,9/21/2024,15744,Truckload,Sys,8460,Truck,4,Sys,5460,NA,NA,NA,7881473,8160,NA,NA,NA,"$2,400.00"
9461,9/22/2024,15228,Truckload,Sys,8461,Truck,4,Sys,5461,NA,NA,NA,5365453,8161,NA,NA,NA,$775.00
9462,9/22/2024,15668,Drayage,Sys,8462,Truck,4,Sys,5462,NA,NA,NA,7777777,8162,NA,NA,NA,"$3,490.00"
9463,9/22/2024,15670,Truckload,Sys,8463,Truck,4,Sys,5463,NA,NA,NA,8552082,8163,NA,NA,NA,"$1,773.00"
9464,9/22/2024,15709,Truckload,Sys,8464,Truck,4,Sys,5464,NA,NA,NA,3422972,8164,NA,NA,NA,$550.00
9465,9/22/2024,15740,Truckload,Sys,8465,Truck,4,Sys,5465,NA,NA,NA,8665891,8165,NA,NA,NA,"$1,335.00"
9466,9/22/2024,15741,Flatbed,Sys,8466,Truck,4,Sys,5466,NA,NA,NA,38245,8166,NA,NA,NA,"$4,988.69"
9467,9/22/2024,15754,Truckload,Sys,8467,Truck,4,Sys,5467,NA,NA,NA,990804,8167,NA,NA,NA,"$2,099.00"
9468,9/22/2024,15765,Truckload,Sys,8468,Truck,4,Sys,5468,NA,NA,NA,561418,8168,NA,NA,NA,$137.82
9469,9/23/2024,15408,Truckload,Sys,8469,Truck,4,Sys,5469,NA,NA,NA,6496001,8169,NA,NA,NA,$650.00
9470,9/23/2024,15688,Truckload,Sys,8470,Truck,4,Sys,5470,NA,NA,NA,6133313,8170,NA,NA,NA,"$2,223.00"
9471,9/23/2024,15708,Truckload,Sys,8471,Truck,4,Sys,5471,NA,NA,NA,4394502,8171,NA,NA,NA,"$3,995.00"
9472,9/23/2024,15713,Flatbed,Sys,8472,Truck,4,Sys,5472,NA,NA,NA,38245,8172,NA,NA,NA,"$7,657.00"
9473,9/23/2024,15739,Flatbed,Sys,8473,Truck,4,Sys,5473,NA,NA,NA,66643,8173,NA,NA,NA,"$5,352.20"
9474,9/23/2024,15743,Truckload,Sys,8474,Truck,4,Sys,5474,NA,NA,NA,8756404,8174,NA,NA,NA,"$2,629.00"
9475,9/23/2024,15745,Truckload,Sys,8475,Truck,4,Sys,5475,NA,NA,NA,3422972,8175,NA,NA,NA,$550.00
9476,9/24/2024,15214,Drayage,Sys,8476,Truck,4,Sys,5476,NA,NA,NA,708132,8176,NA,NA,NA,$769.50
9477,9/24/2024,15635,Truckload,Sys,8477,Truck,4,Sys,5477,NA,NA,NA,4657181,8177,NA,NA,NA,$254.63
9478,9/24/2024,15687,Truckload,Sys,8478,Truck,4,Sys,5478,NA,NA,NA,9775712,8178,NA,NA,NA,"$1,865.00"
9479,9/24/2024,15748,Truckload,Sys,8479,Truck,4,Sys,5479,NA,NA,NA,6443404,8179,NA,NA,NA,"$1,300.00"
9480,9/25/2024,15661,Truckload,Sys,8480,Truck,4,Sys,5480,NA,NA,NA,4915204,8180,NA,NA,NA,"$4,089.00"
9481,9/25/2024,15737,Truckload,Sys,8481,Truck,4,Sys,5481,NA,NA,NA,561418,8181,NA,NA,NA,$169.01
9482,9/25/2024,15747,Truckload,Sys,8482,Truck,4,Sys,5482,NA,NA,NA,1400373,8182,NA,NA,NA,$845.00
9483,9/25/2024,15758,Truckload,Sys,8483,Truck,4,Sys,5483,NA,NA,NA,2112004,8183,NA,NA,NA,"$1,610.00"
9484,9/25/2024,15760,Truckload,Sys,8484,Truck,4,Sys,5484,NA,NA,NA,3652793,8184,NA,NA,NA,"$2,580.00"
9485,9/25/2024,15783,Flatbed,Sys,8485,Truck,4,Sys,5485,NA,NA,NA,3537013,8185,NA,NA,NA,"$1,550.00"
9486,9/25/2024,15786,Truckload,Sys,8486,Truck,4,Sys,5486,NA,NA,NA,4394502,8186,NA,NA,NA,"$1,895.00"
9487,9/25/2024,15789,Truckload,Sys,8487,Truck,4,Sys,5487,NA,NA,NA,9090443,8187,NA,NA,NA,"$4,588.00"
9488,9/26/2024,15759,Truckload,Sys,8488,Truck,4,Sys,5488,NA,NA,NA,2112004,8188,NA,NA,NA,"$2,248.00"
9489,9/26/2024,15788,Flatbed,Sys,8489,Truck,4,Sys,5489,NA,NA,NA,1400373,8189,NA,NA,NA,$300.00
9490,9/26/2024,15799,Flatbed,Sys,8490,Truck,4,Sys,5490,NA,NA,NA,5203322,8190,NA,NA,NA,"$7,688.35"
9491,9/27/2024,15732,Truckload,Sys,8491,Truck,4,Sys,5491,NA,NA,NA,8295873,8191,NA,NA,NA,$300.00
9492,9/27/2024,15746,Intermodal,Sys,8492,Truck,4,Sys,5492,NA,NA,NA,1702382,8192,NA,NA,NA,"$1,265.00"
9493,9/27/2024,15761,Flatbed,Sys,8493,Truck,4,Sys,5493,NA,NA,NA,66643,8193,NA,NA,NA,"$8,472.65"
9494,9/28/2024,15560,Truckload,Sys,8494,Truck,4,Sys,5494,NA,NA,NA,4657181,8194,NA,NA,NA,$254.63
9495,9/28/2024,15784,Truckload,Sys,8495,Truck,4,Sys,5495,NA,NA,NA,2652541,8195,NA,NA,NA,"$1,600.00"
9496,9/28/2024,15794,Truckload,Sys,8496,Truck,4,Sys,5496,NA,NA,NA,3592373,8196,NA,NA,NA,"$1,250.00"
9497,9/28/2024,15828,Truckload,Sys,8497,Truck,4,Sys,5497,NA,NA,NA,3422972,8197,NA,NA,NA,"$1,140.96"
9498,9/28/2024,15832,Flatbed,Sys,8498,Truck,4,Sys,5498,NA,NA,NA,66643,8198,NA,NA,NA,"$5,796.00"
9499,9/28/2024,15861,Truckload,Sys,8499,Truck,4,Sys,5499,NA,NA,NA,561418,8199,NA,NA,NA,$187.93
9500,9/29/2024,15791,Drayage,Sys,8500,Truck,4,Sys,5500,NA,NA,NA,3907471,8200,NA,NA,NA,"$1,985.76"
9501,9/29/2024,15796,Truckload,Sys,8501,Truck,4,Sys,5501,NA,NA,NA,429996,8201,NA,NA,NA,$475.00
9502,9/29/2024,15798,Flatbed,Sys,8502,Truck,4,Sys,5502,NA,NA,NA,5203322,8202,NA,NA,NA,"$8,933.90"
9503,9/29/2024,15802,Truckload,Sys,8503,Truck,4,Sys,5503,NA,NA,NA,7777777,8203,NA,NA,NA,"$1,100.00"
9504,9/29/2024,15805,Truckload,Sys,8504,Truck,4,Sys,5504,NA,NA,NA,3422972,8204,NA,NA,NA,$200.00
9505,9/29/2024,15806,Truckload,Sys,8505,Truck,4,Sys,5505,NA,NA,NA,9420523,8205,NA,NA,NA,"$5,125.00"
9506,9/29/2024,15820,Truckload,Sys,8506,Truck,4,Sys,5506,NA,NA,NA,5420051,8206,NA,NA,NA,"$1,412.00"
9507,9/29/2024,15824,Truckload,Sys,8507,Truck,4,Sys,5507,NA,NA,NA,9234214,8207,NA,NA,NA,"$3,929.00"
9508,9/29/2024,15856,Truckload,Sys,8508,Truck,4,Sys,5508,NA,NA,NA,7364782,8208,NA,NA,NA,"$3,200.00"
9509,9/30/2024,15721,Truckload,Sys,8509,Truck,4,Sys,5509,NA,NA,NA,5734991,8209,NA,NA,NA,$531.90
9510,9/30/2024,15727,Truckload,Sys,8510,Truck,4,Sys,5510,NA,NA,NA,230288,8210,NA,NA,NA,"$7,050.00"
9511,9/30/2024,15800,Truckload,Sys,8511,Truck,4,Sys,5511,NA,NA,NA,5420051,8211,NA,NA,NA,"$1,692.00"
9512,9/30/2024,15801,Truckload,Sys,8512,Truck,4,Sys,5512,NA,NA,NA,608734,8212,NA,NA,NA,$325.00
9513,9/30/2024,15841,Truckload,Sys,8513,Truck,4,Sys,5513,NA,NA,NA,608734,8213,NA,NA,NA,$595.00
9514,9/30/2024,15843,Truckload,Sys,8514,Truck,4,Sys,5514,NA,NA,NA,2268283,8214,NA,NA,NA,$365.00
9515,9/30/2024,15852,Truckload,Sys,8515,Truck,4,Sys,5515,NA,NA,NA,6211282,8215,NA,NA,NA,$865.00
9516,9/30/2024,15853,Truckload,Sys,8516,Truck,4,Sys,5516,NA,NA,NA,6160823,8216,NA,NA,NA,"$1,295.00"
9517,9/30/2024,15858,Flatbed,Sys,8517,Truck,4,Sys,5517,NA,NA,NA,66643,8217,NA,NA,NA,"$8,946.00"
9518,9/30/2024,15893,Flatbed,Sys,8518,Truck,4,Sys,5518,NA,NA,NA,66643,8218,NA,NA,NA,"$7,112.24"
9519,9/30/2024,15918,Flatbed,Sys,8519,Truck,4,Sys,5519,NA,NA,NA,66643,8219,NA,NA,NA,"$8,367.00"
9520,10/1/2024,15409,Truckload,Sys,8520,Truck,4,Sys,5520,NA,NA,NA,6496001,8220,NA,NA,NA,$650.00
9521,10/1/2024,15792,Flatbed,Sys,8521,Truck,4,Sys,5521,NA,NA,NA,4155312,8221,NA,NA,NA,"$1,418.40"
9522,10/1/2024,15825,Truckload,Sys,8522,Truck,4,Sys,5522,NA,NA,NA,6612,8222,NA,NA,NA,$742.00
9523,10/1/2024,15826,Truckload,Sys,8523,Truck,4,Sys,5523,NA,NA,NA,993857,8223,NA,NA,NA,$838.00
9524,10/1/2024,15827,Truckload,Sys,8524,Truck,4,Sys,5524,NA,NA,NA,3614032,8224,NA,NA,NA,$965.00
9525,10/1/2024,15842,Truckload,Sys,8525,Truck,4,Sys,5525,NA,NA,NA,561418,8225,NA,NA,NA,$199.34
9526,10/1/2024,15844,Flatbed,Sys,8526,Truck,4,Sys,5526,NA,NA,NA,66643,8226,NA,NA,NA,"$5,796.00"
9527,10/1/2024,15850,Truckload,Sys,8527,Truck,4,Sys,5527,NA,NA,NA,561418,8227,NA,NA,NA,$192.06
9528,10/1/2024,15859,Truckload,Sys,8528,Truck,4,Sys,5528,NA,NA,NA,1144083,8228,NA,NA,NA,"$1,198.00"
9529,10/1/2024,15873,Truckload,Sys,8529,Truck,4,Sys,5529,NA,NA,NA,7881473,8229,NA,NA,NA,"$2,400.00"
9530,10/1/2024,15876,Truckload,Sys,8530,Truck,4,Sys,5530,NA,NA,NA,5420051,8230,NA,NA,NA,"$1,476.00"
9531,10/1/2024,15879,Truckload,Sys,8531,Truck,4,Sys,5531,NA,NA,NA,561418,8231,NA,NA,NA,$98.99
9532,10/1/2024,15889,Flatbed,Sys,8532,Truck,4,Sys,5532,NA,NA,NA,66643,8232,NA,NA,NA,"$11,228.10"
9533,10/2/2024,15793,Truckload,Sys,8533,Truck,4,Sys,5533,NA,NA,NA,8589512,8233,NA,NA,NA,"$2,127.60"
9534,10/2/2024,15816,Truckload,Sys,8534,Truck,4,Sys,5534,NA,NA,NA,1269733,8234,NA,NA,NA,$445.00
9535,10/2/2024,15822,Truckload,Sys,8535,Truck,4,Sys,5535,NA,NA,NA,608734,8235,NA,NA,NA,$325.00
9536,10/2/2024,15845,Truckload,Sys,8536,Truck,4,Sys,5536,NA,NA,NA,6133313,8236,NA,NA,NA,"$2,223.00"
9537,10/2/2024,15863,Truckload,Sys,8537,Truck,4,Sys,5537,NA,NA,NA,3592373,8237,NA,NA,NA,"$1,250.00"
9538,10/2/2024,15877,Truckload,Sys,8538,Truck,4,Sys,5538,NA,NA,NA,993857,8238,NA,NA,NA,"$1,398.00"
9539,10/2/2024,15883,Truckload,Sys,8539,Truck,4,Sys,5539,NA,NA,NA,2652541,8239,NA,NA,NA,"$1,100.00"
9540,10/2/2024,15886,Truckload,Sys,8540,Truck,4,Sys,5540,NA,NA,NA,561418,8240,NA,NA,NA,$217.37
9541,10/3/2024,15902,Truckload,Sys,8541,Truck,4,Sys,5541,NA,NA,NA,8787923,8241,NA,NA,NA,"$1,133.00"
9542,10/3/2024,15915,Truckload,Sys,8542,Truck,4,Sys,5542,NA,NA,NA,1296993,8242,NA,NA,NA,$892.00
9543,10/4/2024,15868,Truckload,Sys,8543,Truck,4,Sys,5543,NA,NA,NA,608734,8243,NA,NA,NA,$325.00
9544,10/4/2024,15874,Truckload,Sys,8544,Truck,4,Sys,5544,NA,NA,NA,561418,8244,NA,NA,NA,$167.69
9545,10/4/2024,15880,Truckload,Sys,8545,Truck,4,Sys,5545,NA,NA,NA,3422972,8245,NA,NA,NA,$550.00
9546,10/4/2024,15881,Truckload,Sys,8546,Truck,4,Sys,5546,NA,NA,NA,213342,8246,NA,NA,NA,"$1,750.00"
9547,10/4/2024,15906,Truckload,Sys,8547,Truck,4,Sys,5547,NA,NA,NA,8787923,8247,NA,NA,NA,$354.60
9548,10/4/2024,15908,Truckload,Sys,8548,Truck,4,Sys,5548,NA,NA,NA,6985101,8248,NA,NA,NA,"$1,425.00"
9549,10/4/2024,15914,Truckload,Sys,8549,Truck,4,Sys,5549,NA,NA,NA,561418,8249,NA,NA,NA,$98.99
9550,10/4/2024,15916,Truckload,Sys,8550,Truck,4,Sys,5550,NA,NA,NA,7163882,8250,NA,NA,NA,$605.00
9551,10/4/2024,15944,Truckload,Sys,8551,Truck,4,Sys,5551,NA,NA,NA,7163882,8251,NA,NA,NA,$705.00
9552,10/5/2024,15848,Drayage,Sys,8552,Truck,4,Sys,5552,NA,NA,NA,834412,8252,NA,NA,NA,"$1,200.00"
9553,10/5/2024,15885,Truckload,Sys,8553,Truck,4,Sys,5553,NA,NA,NA,3422972,8253,NA,NA,NA,$550.00
9554,10/5/2024,15890,Flatbed,Sys,8554,Truck,4,Sys,5554,NA,NA,NA,66643,8254,NA,NA,NA,"$9,809.04"
9555,10/5/2024,15898,Truckload,Sys,8555,Truck,4,Sys,5555,NA,NA,NA,9420523,8255,NA,NA,NA,"$5,125.00"
9556,10/5/2024,15911,Truckload,Sys,8556,Truck,4,Sys,5556,NA,NA,NA,561418,8256,NA,NA,NA,$151.13
9557,10/5/2024,15920,Truckload,Sys,8557,Truck,4,Sys,5557,NA,NA,NA,6985101,8257,NA,NA,NA,"$1,425.00"
9558,10/5/2024,15929,Flatbed,Sys,8558,Truck,4,Sys,5558,NA,NA,NA,3537013,8258,NA,NA,NA,"$1,550.00"
9559,10/5/2024,15932,Truckload,Sys,8559,Truck,4,Sys,5559,NA,NA,NA,561418,8259,NA,NA,NA,$157.27
9560,10/5/2024,15963,Truckload,Sys,8560,Truck,4,Sys,5560,NA,NA,NA,7777777,8260,NA,NA,NA,"$3,200.00"
9561,10/5/2024,15978,Truckload,Sys,8561,Truck,4,Sys,5561,NA,NA,NA,561418,8261,NA,NA,NA,$185.00
9562,10/6/2024,15866,Truckload,Sys,8562,Truck,4,Sys,5562,NA,NA,NA,213342,8262,NA,NA,NA,$865.00
9563,10/6/2024,15901,Truckload,Sys,8563,Truck,4,Sys,5563,NA,NA,NA,1158591,8263,NA,NA,NA,"$1,100.00"
9564,10/6/2024,15924,Truckload,Sys,8564,Truck,4,Sys,5564,NA,NA,NA,3422972,8264,NA,NA,NA,$550.00
9565,10/6/2024,15949,Truckload,Sys,8565,Truck,4,Sys,5565,NA,NA,NA,4417673,8265,NA,NA,NA,"$2,155.00"
9566,10/7/2024,15927,Truckload,Sys,8566,Truck,4,Sys,5566,NA,NA,NA,6165431,8266,NA,NA,NA,"$2,500.00"
9567,10/7/2024,15928,Truckload,Sys,8567,Truck,4,Sys,5567,NA,NA,NA,8114913,8267,NA,NA,NA,$600.00
9568,10/8/2024,15596,Truckload,Sys,8568,Truck,4,Sys,5568,NA,NA,NA,1836543,8268,NA,NA,NA,$650.00
9569,10/8/2024,15818,Truckload,Sys,8569,Truck,4,Sys,5569,NA,NA,NA,2871032,8269,NA,NA,NA,$890.00
9570,10/8/2024,15955,Truckload,Sys,8570,Truck,4,Sys,5570,NA,NA,NA,4013013,8270,NA,NA,NA,"$1,250.00"
9571,10/8/2024,15961,Truckload,Sys,8571,Truck,4,Sys,5571,NA,NA,NA,8568773,8271,NA,NA,NA,$395.00
9572,10/8/2024,15992,Flatbed,Sys,8572,Truck,4,Sys,5572,NA,NA,NA,3537013,8272,NA,NA,NA,"$1,550.00"
9573,10/9/2024,15938,Truckload,Sys,8573,Truck,4,Sys,5573,NA,NA,NA,5420051,8273,NA,NA,NA,"$1,650.00"
9574,10/9/2024,15950,Truckload,Sys,8574,Truck,4,Sys,5574,NA,NA,NA,561418,8274,NA,NA,NA,$254.63
9575,10/9/2024,16000,Truckload,Sys,8575,Truck,4,Sys,5575,NA,NA,NA,608734,8275,NA,NA,NA,$325.00
9576,10/9/2024,16002,Flatbed,Sys,8576,Truck,4,Sys,5576,NA,NA,NA,3537013,8276,NA,NA,NA,"$1,550.00"
9577,10/9/2024,16022,Truckload,Sys,8577,Truck,4,Sys,5577,NA,NA,NA,8665891,8277,NA,NA,NA,"$1,597.00"
9578,10/9/2024,16027,Truckload,Sys,8578,Truck,4,Sys,5578,NA,NA,NA,3592373,8278,NA,NA,NA,$699.00
9579,10/10/2024,15994,Truckload,Sys,8579,Truck,4,Sys,5579,NA,NA,NA,6612,8279,NA,NA,NA,"$1,585.00"
9580,10/10/2024,15999,Flatbed,Sys,8580,Truck,4,Sys,5580,NA,NA,NA,1400373,8280,NA,NA,NA,$300.00
9581,10/11/2024,15707,Drayage,Sys,8581,Truck,4,Sys,5581,NA,NA,NA,834412,8281,NA,NA,NA,"$1,490.00"
9582,10/13/2024,15975,Truckload,Sys,8582,Truck,4,Sys,5582,NA,NA,NA,5420051,8282,NA,NA,NA,"$1,439.00"